email,name,surname,is_admin,password
andrew.gray1@example.com,Andrew,Gray,true,UCr!%p0vvumL8Zd
sandra.morales2@example.com,Sandra,Morales,true,2#yIoW5LQWs%yyd
linda.lee3@example.com,Linda,Lee,true,L3H7DyZp1PH$ark
william.miller4@example.com,William,Miller,true,QyO8S39tEiw$Pqh
robert.evans5@example.com,Robert,Evans,true,2%s9CJUJMf!PBI@
kathleen.turner6@example.com,Kathleen,Turner,true,H7AZWQ5%t3tdJ6r
rebecca.phillips7@example.com,Rebecca,Phillips,true,V#eyNsq7L#2OFfj
melissa.wright8@example.com,Melissa,Wright,true,IgX0!gIAB@n92fT
elizabeth.green9@example.com,Elizabeth,Green,true,DWGM#$gOiLf0LD8
carol.foster10@example.com,Carol,Foster,true,pMdag6Qv1zJ2B!C
helen.bell11@example.com,Helen,Bell,true,$LEJqmB6Le1#EjU
andrew.russell12@example.com,Andrew,Russell,true,7dFZbG0UlkNV#T1
william.ward13@example.com,William,Ward,true,78L@E#YezWVdVsJ
samantha.anderson14@example.com,Samantha,Anderson,true,Bn%vT4faybZ6xNM
ashley.parker15@example.com,Ashley,Parker,true,86wYNS1e4%T5C%7
debra.reed16@example.com,Debra,Reed,true,Nvf6j3pC!$aB6PI
sharon.rogers17@example.com,Sharon,Rogers,true,mqIwsx%63lAVnk6
patricia.evans18@example.com,Patricia,Evans,true,hkvCHy33Fg$j0%r
timothy.lewis19@example.com,Timothy,Lewis,true,1Yc!GvQd6p17y8!
jonathan.bell20@example.com,Jonathan,Bell,true,jg!sP6aSxSBpDtv
matthew.martin21@example.com,Matthew,Martin,true,#Rvd8yJemHj9UcS
kenneth.harris22@example.com,Kenneth,Harris,true,BOF0%oEb2dr0Ru9
edward.hill23@example.com,Edward,Hill,true,$vJGaM9tE3%o7dp
karen.garcia24@example.com,Karen,Garcia,true,9718cSRLr$GM$AL
amanda.adams25@example.com,Amanda,Adams,true,ka$EqddFuAjr24I
angela.nguyen26@example.com,Angela,Nguyen,true,kipIi5$3kN$1kC1
elizabeth.johnson27@example.com,Elizabeth,Johnson,true,vIevSNWK$mPqI1G
gregory.ross28@example.com,Gregory,Ross,true,1gvB2IMwVW91iM@
kenneth.evans29@example.com,Kenneth,Evans,true,07NwWDC%UC2weWY
jeffrey.foster30@example.com,Jeffrey,Foster,true,ld$9C7rQBV8fLDA
justin.jones31@example.com,Justin,Jones,true,7Rwhs41mcNp%$a9
kenneth.hill32@example.com,Kenneth,Hill,true,d$rO@53$V#o%!Ql
karen.harris33@example.com,Karen,Harris,true,IX6F!@xoxpNn4fB
margaret.foster34@example.com,Margaret,Foster,true,O5hb@9OopfOYQ8U
deborah.baker35@example.com,Deborah,Baker,true,O53M8@MT6zEsOQT
donna.gomez36@example.com,Donna,Gomez,true,A#1TeJCau$nG!es
patricia.reyes37@example.com,Patricia,Reyes,true,u4f%WF@gnQlD8f@
matthew.martin38@example.com,Matthew,Martin,true,5lkTQSWK7U#5tuy
james.ramirez39@example.com,James,Ramirez,true,43UafzT87P@kTaK
melissa.carter40@example.com,Melissa,Carter,true,bdNS18UtJh#33zC
matthew.nelson41@example.com,Matthew,Nelson,true,eFKJ$59#88Msz9V
christine.parker42@example.com,Christine,Parker,true,0%Gad4nPUq4rq9C
debra.morgan43@example.com,Debra,Morgan,true,#bv9hz1FT7iOj8f
angela.flores44@example.com,Angela,Flores,true,BSA3z9paNwcb8!D
robert.roberts45@example.com,Robert,Roberts,true,%rrTj2$coi#Cn5#
lisa.hernandez46@example.com,Lisa,Hernandez,true,vj@#RYL1$Ntqi$D
rachel.baker47@example.com,Rachel,Baker,true,XBC8k92#VdfZ$eq
eric.cook48@example.com,Eric,Cook,true,Tzx$rOT9KEHBH6I
eric.evans49@example.com,Eric,Evans,true,25Y6kC17D!r@1S9
susan.scott50@example.com,Susan,Scott,true,@O%qHuyy5Qij%sB
thomas.hughes51@example.com,Thomas,Hughes,true,iYFI0G#pm$uuxo!
william.hall52@example.com,William,Hall,true,T@AIX582pNcCKZz
rebecca.collins53@example.com,Rebecca,Collins,true,gO7G#!czOIrkn8B
frank.adams54@example.com,Frank,Adams,true,W2ydf3CB@@F3O#S
david.howard55@example.com,David,Howard,true,83EU!eXcpv$rn15
amanda.miller56@example.com,Amanda,Miller,true,c7GqCJtaI!d9t@L
margaret.ramirez57@example.com,Margaret,Ramirez,true,r2o0XEcR#WMf$sp
deborah.murphy58@example.com,Deborah,Murphy,true,iS0DfUtjj#lv7#C
raymond.turner59@example.com,Raymond,Turner,true,#KVbb%7pXzBO$6j
sharon.jackson60@example.com,Sharon,Jackson,true,qf!rd3!RWq77D1o
richard.allen61@example.com,Richard,Allen,true,LyVmytb!1JTatMr
kimberly.bennett62@example.com,Kimberly,Bennett,true,OXvR$zLadu$u9FM
richard.long63@example.com,Richard,Long,true,8f@lXK%XS5OJ09z
benjamin.bell64@example.com,Benjamin,Bell,true,NaKFHtUCRRR%%8S
samuel.wood65@example.com,Samuel,Wood,true,$XL8jsnC9dFtSb3
samuel.sanchez66@example.com,Samuel,Sanchez,true,b9d4sTvl8n$xccg
frank.white67@example.com,Frank,White,true,IG4uc$5M4!8C#Ov
emma.sanders68@example.com,Emma,Sanders,true,!golD7a24#xi!zJ
edward.lopez69@example.com,Edward,Lopez,true,hzWtn@#NEnZN5eC
benjamin.carter70@example.com,Benjamin,Carter,true,iS4mA2BeW3hCwj!
rebecca.jones71@example.com,Rebecca,Jones,true,A7k9cOcW9!jtLvK
carolyn.brown72@example.com,Carolyn,Brown,true,Vg%!#Cw0NLdiFiN
carolyn.clark73@example.com,Carolyn,Clark,true,sH9qGtDSPsTq!42
melissa.thomas74@example.com,Melissa,Thomas,true,@kamCn1w@4FNOkZ
jeffrey.johnson75@example.com,Jeffrey,Johnson,true,LBW3v7$$g14ZdPu
melissa.nguyen76@example.com,Melissa,Nguyen,true,b6ja9O#%UYIl9SX
stephanie.bell77@example.com,Stephanie,Bell,true,nO65l@KxPn6jSTm
james.young78@example.com,James,Young,true,!bWnFR26JoWRg#9
catherine.kelly79@example.com,Catherine,Kelly,true,gWbIYmJ6yz!IiS@
justin.russell80@example.com,Justin,Russell,true,vDuk51UV#XJAE95
ronald.campbell81@example.com,Ronald,Campbell,true,OS1!OY1Ik@dv4On
timothy.kelly82@example.com,Timothy,Kelly,true,UN3pqmtBTB7e@pr
laura.kelly83@example.com,Laura,Kelly,true,oje42nrM#pVucIH
jessica.parker84@example.com,Jessica,Parker,true,f%ZgO4xT4kKxqp$
donald.long85@example.com,Donald,Long,true,cu43EX4ik$0fUwi
jeffrey.clark86@example.com,Jeffrey,Clark,true,ppdWiqXb@cXcw3T
brenda.nelson87@example.com,Brenda,Nelson,true,gGRbC8!rnAn7PCh
andrew.roberts88@example.com,Andrew,Roberts,true,mly$qPc8V0J1T8!
george.torres89@example.com,George,Torres,true,Nooti4dvG#oSGaT
donald.sanchez90@example.com,Donald,Sanchez,true,E3L#d!379ld0PS!
rebecca.bennett91@example.com,Rebecca,Bennett,true,CIS0ZqEQ#du4t$R
anna.morales92@example.com,Anna,Morales,true,Hpx4k5gidX@5v3%
lisa.sullivan93@example.com,Lisa,Sullivan,true,ImA#Tt235BS1FMx
james.johnson94@example.com,James,Johnson,true,mi#EDtQ1%AbQt0$
edward.edwards95@example.com,Edward,Edwards,true,DPxTx8H%nMuqRN1
michael.roberts96@example.com,Michael,Roberts,true,PKAjTQ!lvEw9!5a
andrew.moore97@example.com,Andrew,Moore,true,M8%!bPpijvws5lz
jack.hill98@example.com,Jack,Hill,true,O#5Y%5FOa131SDl
donna.davis99@example.com,Donna,Davis,true,@o1nS2#J2WR8nkK
sarah.sanchez100@example.com,Sarah,Sanchez,true,#Fl@C1Y@ytsj13X
gregory.sanchez101@example.com,Gregory,Sanchez,true,vB6$pKzJ1$6QGQ6
pamela.lopez102@example.com,Pamela,Lopez,true,jJw93a2fJ$!6Gru
matthew.ross103@example.com,Matthew,Ross,true,!AslpxU%TIl9el@
gary.gonzalez104@example.com,Gary,Gonzalez,true,8i$TQ67xTOAQfpA
jennifer.brooks105@example.com,Jennifer,Brooks,true,#w10KH!P2YO0m4t
robert.sanders106@example.com,Robert,Sanders,true,@%4eeX8uazIZMzw
brenda.murphy107@example.com,Brenda,Murphy,true,$CGm@8A1zYLHS5!
stephen.foster108@example.com,Stephen,Foster,true,9j2E9jgmamPlcE%
joshua.bailey109@example.com,Joshua,Bailey,true,jfbVK8%17tFAq9c
sharon.cook110@example.com,Sharon,Cook,true,WjC7e8O0lFifw%D
anthony.peterson111@example.com,Anthony,Peterson,true,NP@fqzkJSNF!xC0
raymond.scott112@example.com,Raymond,Scott,true,tESlG@9yNNZgKkp
paul.roberts113@example.com,Paul,Roberts,true,jbptxcu#CID0N!a
anna.scott114@example.com,Anna,Scott,true,96uS!7JY@PJ7Acw
barbara.morgan115@example.com,Barbara,Morgan,true,nt0T4065SGTl%mY
anna.anderson116@example.com,Anna,Anderson,true,SYAfJ56zDa@nyCm
michael.campbell117@example.com,Michael,Campbell,true,18KgpvxV!oJsAfJ
sandra.foster118@example.com,Sandra,Foster,true,RK1lrjSQG$83LO%
eric.phillips119@example.com,Eric,Phillips,true,M2$kW7S7tVF6dXG
george.miller120@example.com,George,Miller,true,7E4qYbOPKihSA!@
benjamin.bell121@example.com,Benjamin,Bell,true,bRfkv4#aF63lB#f
larry.ross122@example.com,Larry,Ross,true,$oMqdI9k5N%H7g8
brenda.cruz123@example.com,Brenda,Cruz,true,zJcwAH3d9x1Urv!
jessica.thomas124@example.com,Jessica,Thomas,true,lA$9S9u2T40Qxng
elizabeth.murphy125@example.com,Elizabeth,Murphy,true,Udqm61SLYT$!K76
william.price126@example.com,William,Price,true,U@A0!yh2zUqDgaK
kathleen.thomas127@example.com,Kathleen,Thomas,true,Kh%AnaA4r#4ASxD
sandra.flores128@example.com,Sandra,Flores,true,f@XxjokxM02SN78
timothy.cruz129@example.com,Timothy,Cruz,true,f@A%TmShZ3AI0U2
katherine.smith130@example.com,Katherine,Smith,true,56tzm!!NtugQxwz
jeffrey.flores131@example.com,Jeffrey,Flores,true,K9rW5n4$d#r#fV3
lisa.martin132@example.com,Lisa,Martin,true,YFSt9V@#!T9s!8c
patrick.brown133@example.com,Patrick,Brown,true,px7W5Vux$PPxgZe
james.ross134@example.com,James,Ross,true,NBZuhd8nNxxN@7S
jennifer.james135@example.com,Jennifer,James,true,0qIMv!Q0rzbcQnQ
ryan.king136@example.com,Ryan,King,true,qsPmEybqiT0!K8O
paul.hughes137@example.com,Paul,Hughes,true,kM#OLP%cNii@4l@
jason.johnson138@example.com,Jason,Johnson,true,t7BUvJREjh%uqG#
jack.cook139@example.com,Jack,Cook,true,7F4iXh2FbO%#7ZE
joseph.parker140@example.com,Joseph,Parker,true,S55KP$Uq!JnOq54
joseph.hill141@example.com,Joseph,Hill,true,#r5pOc00qcCtYpM
thomas.harris142@example.com,Thomas,Harris,true,a$#@VvF9M23SSM4
catherine.perez143@example.com,Catherine,Perez,true,yA%T7p8Mlt36h7A
charles.peterson144@example.com,Charles,Peterson,true,ixUq6!t43GA2YdB
jennifer.bell145@example.com,Jennifer,Bell,true,MqNso%2ox%!rddC
kevin.murphy146@example.com,Kevin,Murphy,true,5USkSfs@UPP$2N4
jonathan.sanders147@example.com,Jonathan,Sanders,true,vX71R$cpbq1ZB7L
eric.jackson148@example.com,Eric,Jackson,true,#1534vGbGOM#5Po
sarah.carter149@example.com,Sarah,Carter,true,9z7wV#6gqkX9xW8
emma.adams150@example.com,Emma,Adams,true,lr1RGUNPzq98#Ns
stephen.thompson151@example.com,Stephen,Thompson,true,kOg4#@cii@Kkh7s
emily.collins152@example.com,Emily,Collins,true,JrSk29%DiOuTCPr
scott.peterson153@example.com,Scott,Peterson,true,CNOBa$7Hvzl0xHc
kevin.baker154@example.com,Kevin,Baker,true,WECosxcI@$x6wn5
timothy.jones155@example.com,Timothy,Jones,true,#ik8Rj!MQ72qRHl
richard.edwards156@example.com,Richard,Edwards,true,$RW1Wl8eoi91zJB
cynthia.lee157@example.com,Cynthia,Lee,true,eJj2LB%47xfBWYT
gregory.brown158@example.com,Gregory,Brown,true,!gR84T5wfh2c#2z
helen.powell159@example.com,Helen,Powell,true,z!S%aM2RKr9q3Hn
brandon.roberts160@example.com,Brandon,Roberts,true,AZ$7iHwjP8JUV#I
jason.price161@example.com,Jason,Price,true,oh5dsP$MNf0JIM6
thomas.anderson162@example.com,Thomas,Anderson,true,@k#ap0$PXzvU$fY
carol.nelson163@example.com,Carol,Nelson,true,mjeHXO4hCA$6DyO
andrew.roberts164@example.com,Andrew,Roberts,true,i80Y!3BgCLIP0uc
amy.morgan165@example.com,Amy,Morgan,true,Cy0OP1m1LY@@HXA
helen.hall166@example.com,Helen,Hall,true,w@oiN#hJw#Sqd6o
larry.ramirez167@example.com,Larry,Ramirez,true,Wwm$RGKHDwuJ6I$
ashley.powell168@example.com,Ashley,Powell,true,EFHmXHstSMn1$Jv
donald.brown169@example.com,Donald,Brown,true,nlRucKy!0j#Rnw0
brandon.evans170@example.com,Brandon,Evans,true,A24BQTP#coq$foF
sharon.brooks171@example.com,Sharon,Brooks,true,51pIG$O6Dt04pR2
jennifer.edwards172@example.com,Jennifer,Edwards,true,1MH@q#Htr97$5EB
rebecca.young173@example.com,Rebecca,Young,true,4Cw$gnfq%De8k2$
patricia.king174@example.com,Patricia,King,true,dEW3ZMx5#P$2F%M
patrick.lewis175@example.com,Patrick,Lewis,true,Nuc2Smeg$bwO%5t
jessica.anderson176@example.com,Jessica,Anderson,true,cilR1UOMYSiuG@i
catherine.allen177@example.com,Catherine,Allen,true,vO%S5c%SjjH@3wb
timothy.walker178@example.com,Timothy,Walker,true,vJZP@Dn%W85dJh@
michelle.lewis179@example.com,Michelle,Lewis,true,@FDqboa8bKDyW@8
gary.rivera180@example.com,Gary,Rivera,true,Vk4bqp1kpL$#TYO
frank.carter181@example.com,Frank,Carter,true,yvxm6Mg7#!aKw6g
helen.morgan182@example.com,Helen,Morgan,true,qFBxoZXrcFD!of2
richard.peterson183@example.com,Richard,Peterson,true,PQGJx!#W7FbOAyn
daniel.rivera184@example.com,Daniel,Rivera,true,7B@TJ3Rgm0%$CZ3
sharon.bailey185@example.com,Sharon,Bailey,true,!l05fKf@02g7Bml
jason.adams186@example.com,Jason,Adams,true,NZ06zAQwi#ikgGT
emily.morris187@example.com,Emily,Morris,true,MKKKF72Gxx@SZ0Q
nancy.johnson188@example.com,Nancy,Johnson,true,DKc6Gx5g@roohkJ
jason.morris189@example.com,Jason,Morris,true,A2mpPvNNMninQ%G
angela.jackson190@example.com,Angela,Jackson,true,3pMInT$ryPwcoxO
brandon.johnson191@example.com,Brandon,Johnson,true,%#gePhkU!hf7fsK
michael.davis192@example.com,Michael,Davis,true,WDfFqqKRgR5N7@k
kevin.price193@example.com,Kevin,Price,true,JKcE5Skw8m8!%7l
william.cooper194@example.com,William,Cooper,true,0nZIchUpJC%q%QO
pamela.nguyen195@example.com,Pamela,Nguyen,true,viPILBvWmY7o$#5
benjamin.thompson196@example.com,Benjamin,Thompson,true,04AcaUIGOE5X%E7
christine.price197@example.com,Christine,Price,true,hfS$C2yG%ekcjgg
matthew.clark198@example.com,Matthew,Clark,true,7s3niZePK5zN9S!
andrew.allen199@example.com,Andrew,Allen,true,4Xv#Ktj0q$8N2R0
michelle.foster200@example.com,Michelle,Foster,true,VgKONZ%Rdzns3bq
william.bailey201@example.com,William,Bailey,true,xPYsxXC1!#!O#$l
michael.lopez202@example.com,Michael,Lopez,true,2!V56bnw3#3ay78
pamela.torres203@example.com,Pamela,Torres,true,kLTktS#pQ$q2PE0
donald.young204@example.com,Donald,Young,true,MN4mV8qIdAGq!$O
rachel.walker205@example.com,Rachel,Walker,true,ue%LUq4i0Q2bVa%
catherine.brown206@example.com,Catherine,Brown,true,qsGf7bHi%D49Jmf
michael.rivera207@example.com,Michael,Rivera,true,n4c!w2C9Df%%2k%
nicholas.reed208@example.com,Nicholas,Reed,true,O4V7reop1i5o%9G
sandra.gonzalez209@example.com,Sandra,Gonzalez,true,E@KmuoSm50$bXyu
gary.rogers210@example.com,Gary,Rogers,true,SFlMh$YqR@p8Voe
jack.hall211@example.com,Jack,Hall,true,YpuSFNGSxhS#1jQ
justin.johnson212@example.com,Justin,Johnson,true,qiGJZg#BxgQr!0V
susan.evans213@example.com,Susan,Evans,true,vTq1P2%Ejc#3blH
katherine.morgan214@example.com,Katherine,Morgan,true,Hh7WMB$SvmspIQC
christine.williams215@example.com,Christine,Williams,true,LLmu79eV!7rp3b9
michael.ross216@example.com,Michael,Ross,true,r#Ro8kafw5SWSJT
laura.carter217@example.com,Laura,Carter,true,!ZxjJFg4q2AauV3
joshua.roberts218@example.com,Joshua,Roberts,true,TYV490qPA8rOzY#
gregory.cook219@example.com,Gregory,Cook,true,75b$pS0!Vx4Xuky
amanda.young220@example.com,Amanda,Young,true,!x6iPFb%SAghvsl
kathleen.anderson221@example.com,Kathleen,Anderson,true,hM1pjl@1a6HUB3@
deborah.reyes222@example.com,Deborah,Reyes,true,zXOS#8@!myqeg7K
catherine.murphy223@example.com,Catherine,Murphy,true,%XIUM421XLc2@M4
christine.reyes224@example.com,Christine,Reyes,true,WfmgStC#6$1CAQJ
amanda.hall225@example.com,Amanda,Hall,true,82!dOyqp!JPHg5E
carol.cooper226@example.com,Carol,Cooper,true,iru7#XVmJvZvmXE
susan.moore227@example.com,Susan,Moore,true,fpQsk@l@IyO76OF
david.russell228@example.com,David,Russell,true,om!c1pD8%0vV28m
carolyn.ross229@example.com,Carolyn,Ross,true,2T#B05W6vn6goK%
margaret.bennett230@example.com,Margaret,Bennett,true,esYe!DfuO!2HZbX
carolyn.johnson231@example.com,Carolyn,Johnson,true,H7%d##i#z#8MXS@
brandon.carter232@example.com,Brandon,Carter,true,c4Ee#Ikm$rLsC3l
susan.evans233@example.com,Susan,Evans,true,WrOmOCN196#IlEO
timothy.clark234@example.com,Timothy,Clark,true,bGFY2gN%%QNk0l0
carol.cooper235@example.com,Carol,Cooper,true,Oiw8G0pnk!WIGTX
stephen.brooks236@example.com,Stephen,Brooks,true,sW#KXLhk!0iGe$5
debra.harris237@example.com,Debra,Harris,true,0%#wE86JU%C1!di
benjamin.nguyen238@example.com,Benjamin,Nguyen,true,d9@Q6dUxKjrQ#v1
nicholas.torres239@example.com,Nicholas,Torres,true,C5m@HcPMT1JJ2De
samantha.miller240@example.com,Samantha,Miller,true,9tEwW4$RGr@TgDV
patricia.rodriguez241@example.com,Patricia,Rodriguez,true,Cj2rT@uoRXL#3u8
jonathan.thomas242@example.com,Jonathan,Thomas,true,bM8ZU70Au0Sc8$z
brenda.hall243@example.com,Brenda,Hall,true,g4OynKk4#4wQFOo
alexander.rivera244@example.com,Alexander,Rivera,true,z$gr5Jo2$X66M9h
samuel.powell245@example.com,Samuel,Powell,true,#Tm!kNsVUBR0yK0
kevin.howard246@example.com,Kevin,Howard,true,2m#GmHe$7a@kNcE
jack.baker247@example.com,Jack,Baker,true,cyEzT1%ug$T7quQ
gary.martin248@example.com,Gary,Martin,true,%8g1ZL#TKrj@SxT
patricia.lewis249@example.com,Patricia,Lewis,true,H@yvp42e1x2fryV
james.diaz250@example.com,James,Diaz,true,jwZ399qL#SZCB00
ronald.wilson251@example.com,Ronald,Wilson,true,WQI5GW0n!DaaXjT
daniel.powell252@example.com,Daniel,Powell,true,%eYG4QJ2Wb6qwTm
jason.morris253@example.com,Jason,Morris,true,IM%m6!wJUq!4VvV
helen.cox254@example.com,Helen,Cox,true,JAYwye#j7%jCZ9r
daniel.smith255@example.com,Daniel,Smith,true,3pacU$FHb1V1m!0
edward.lopez256@example.com,Edward,Lopez,true,@tjkfs6MXbxtzey
dorothy.williams257@example.com,Dorothy,Williams,true,h$azbXj3afZor6N
dorothy.sullivan258@example.com,Dorothy,Sullivan,true,NaoQz$tK%C3SuZs
samuel.parker259@example.com,Samuel,Parker,true,Bi5qr3VaFIrY!NX
elizabeth.flores260@example.com,Elizabeth,Flores,true,ixmT@IuS4QV4!RJ
george.campbell261@example.com,George,Campbell,true,e1ge6lTtI7cShv#
john.morgan262@example.com,John,Morgan,true,Kz4Fve%!OqNmj3J
andrew.sullivan263@example.com,Andrew,Sullivan,true,jLo!FCHR6@0lELg
gregory.cruz264@example.com,Gregory,Cruz,true,cGOo@!QV1FGiszf
brenda.morales265@example.com,Brenda,Morales,true,X%yW6P5421XSGKU
christopher.williams266@example.com,Christopher,Williams,true,dqZ%x#W6QzAy75S
sharon.carter267@example.com,Sharon,Carter,true,7ntIqf$yPK$JY1I
nancy.gomez268@example.com,Nancy,Gomez,true,d1KovP2C1C3VvD!
elizabeth.hill269@example.com,Elizabeth,Hill,true,@aMjRoQJIzSkE6s
lisa.jones270@example.com,Lisa,Jones,true,%x79xD4mawriYk#
george.carter271@example.com,George,Carter,true,vIDS7Rp@r30ZY4g
mary.morris272@example.com,Mary,Morris,true,9rNhP$QvEVW78Mi
robert.lee273@example.com,Robert,Lee,true,CakT$94N7xJLzcH
samuel.lopez274@example.com,Samuel,Lopez,true,e%z0B984Y7LVhwo
richard.rogers275@example.com,Richard,Rogers,true,3R8x$hJTVmx1zTf
lisa.flores276@example.com,Lisa,Flores,true,Lx6eQgi!XG5Q5L!
laura.cooper277@example.com,Laura,Cooper,true,kEuYrQEVK@0tb7n
michael.rivera278@example.com,Michael,Rivera,true,iyX5r3DFBOChro$
ryan.lee279@example.com,Ryan,Lee,true,$vxWe@HZe!F$V48
jonathan.gonzalez280@example.com,Jonathan,Gonzalez,true,K5fXkd9c!2xs160
andrew.campbell281@example.com,Andrew,Campbell,true,axKQ@p3IQwnFHq0
raymond.gonzalez282@example.com,Raymond,Gonzalez,true,Y8t90yonn@ESaw5
charles.hill283@example.com,Charles,Hill,true,ToIjsK3oOgu%71N
jeffrey.collins284@example.com,Jeffrey,Collins,true,h$koE3bYDRGGJ5c
justin.edwards285@example.com,Justin,Edwards,true,z!SW4N@5oefwx@Y
samantha.johnson286@example.com,Samantha,Johnson,true,B$p$6HzjfGIKpA2
rachel.campbell287@example.com,Rachel,Campbell,true,K#@AdSQ4YphCwF#
brian.nelson288@example.com,Brian,Nelson,true,Y@8467ZcYQ8J$6s
rachel.flores289@example.com,Rachel,Flores,true,gj%G5OrVUFiJbsG
christopher.myers290@example.com,Christopher,Myers,true,!ZJu$9e2S91i#!@
george.ramirez291@example.com,George,Ramirez,true,mduskA8RRPD3H!K
kenneth.peterson292@example.com,Kenneth,Peterson,true,AckJ3%OLy5Kw%9%
brenda.russell293@example.com,Brenda,Russell,true,J#JLf4pfzu%kwKW
james.morgan294@example.com,James,Morgan,true,DPxokQmP4kbviU@
mary.myers295@example.com,Mary,Myers,true,0p0$LJJ5xbCg#@M
justin.walker296@example.com,Justin,Walker,true,$K333r7#bHjrbEO
joshua.perez297@example.com,Joshua,Perez,true,t4rShyDP9f#TNI!
melissa.rodriguez298@example.com,Melissa,Rodriguez,true,WKaSBg#10NJpbQ0
margaret.foster299@example.com,Margaret,Foster,true,te27@Ds#%Y6aMus
william.harris300@example.com,William,Harris,true,7%nddl21o1YtBlh
susan.morris301@example.com,Susan,Morris,true,!%52Wh0vqjy%7F@
william.brown302@example.com,William,Brown,true,%FGfZS3BXO4Vima
george.howard303@example.com,George,Howard,true,G660XhVS4#CKyeO
stephanie.allen304@example.com,Stephanie,Allen,true,u8VgjuaiO$L#QuX
steven.rivera305@example.com,Steven,Rivera,true,x2HAM0O6q0!a#r4
amy.reyes306@example.com,Amy,Reyes,true,32q$tM8A8M!bPaa
nicole.clark307@example.com,Nicole,Clark,true,pKdkN7Xw!QwTKaB
thomas.cox308@example.com,Thomas,Cox,true,f6H$iIyYFj4YQTV
john.gonzalez309@example.com,John,Gonzalez,true,nUZGKp5M0V$@iV3
frank.ramirez310@example.com,Frank,Ramirez,true,8FHtL$r2#!shi0z
margaret.rogers311@example.com,Margaret,Rogers,true,1!PdwMq1ZJW8Abw
carol.diaz312@example.com,Carol,Diaz,true,aL2Qa7@@t%YSbh4
rebecca.myers313@example.com,Rebecca,Myers,true,Q%G1Dvn4rbyNwOt
sandra.thomas314@example.com,Sandra,Thomas,true,EPk@R!eXRmlT1XI
brandon.brown315@example.com,Brandon,Brown,true,8@#Z3diKHHQpOgy
joshua.ward316@example.com,Joshua,Ward,true,2EDFNZ#ca7%K1c4
shirley.cruz317@example.com,Shirley,Cruz,true,6iZg0Call$$rOt#
david.long318@example.com,David,Long,true,iK9F$!BuRtz%t9W
justin.jones319@example.com,Justin,Jones,true,Gc5C$F$m1Gzoo%e
christopher.richardson320@example.com,Christopher,Richardson,true,$ngo5S8q5$Hnqbf
james.parker321@example.com,James,Parker,true,2HTBiId8lLovH!z
gary.lee322@example.com,Gary,Lee,true,@1wypfcZB5LdvnJ
kathleen.richardson323@example.com,Kathleen,Richardson,true,RTa2YwJBx%qOXXS
susan.ramirez324@example.com,Susan,Ramirez,true,64BZ$7#unC3hZ7J
jacob.miller325@example.com,Jacob,Miller,true,EF8MpMax0JsQ!4U
kenneth.wilson326@example.com,Kenneth,Wilson,true,k53Mn!fU2G0@@%Y
gregory.wilson327@example.com,Gregory,Wilson,true,w4NDhjuGwUB3n#$
david.mitchell328@example.com,David,Mitchell,true,mRtRmM$e%2Uh52c
samuel.morgan329@example.com,Samuel,Morgan,true,yfd7$Uk06LJCgpM
debra.rodriguez330@example.com,Debra,Rodriguez,true,Vyl@7ENzaxGx!V!
nicholas.price331@example.com,Nicholas,Price,true,9c#AqzDKOBCuvFw
steven.sullivan332@example.com,Steven,Sullivan,true,jRIzBZ5@R@Xzv#P
carol.allen333@example.com,Carol,Allen,true,Boc4uVBu3F$Rpp#
ryan.cox334@example.com,Ryan,Cox,true,WFt1#G@JFvGw!07
joseph.rogers335@example.com,Joseph,Rogers,true,KYuQ$wrWx90gw2K
kevin.campbell336@example.com,Kevin,Campbell,true,uxfisC4so4UH%rV
carolyn.young337@example.com,Carolyn,Young,true,bgfQ0@pUcDfi0#Y
amy.perez338@example.com,Amy,Perez,true,VDoIb#oNlw0L4z5
christine.brown339@example.com,Christine,Brown,true,mBWu2u8#P6QCAUQ
matthew.hall340@example.com,Matthew,Hall,true,9UkNLZ@6rrjp7%Y
emily.myers341@example.com,Emily,Myers,true,B17!cBxn7GgJYw#
patrick.morgan342@example.com,Patrick,Morgan,true,xpLV@eK1O9I2koT
andrew.davis343@example.com,Andrew,Davis,true,m#MV43YczjZ4Pa5
stephen.moore344@example.com,Stephen,Moore,true,Ey3iUVSWwrf$wkQ
samuel.thomas345@example.com,Samuel,Thomas,true,QV@Q6lqQclo!O5U
nicole.perez346@example.com,Nicole,Perez,true,tMkYA$j7t9yUcxP
sandra.white347@example.com,Sandra,White,true,JvBVC$mqVw3#w!9
james.stewart348@example.com,James,Stewart,true,rvE21!B#$tS47$j
james.anderson349@example.com,James,Anderson,true,UtNHf%UwbBe05#@
donna.rodriguez350@example.com,Donna,Rodriguez,true,b9%w2G#heEAKOch
helen.foster351@example.com,Helen,Foster,true,aTcK0OppJ$FrXPo
mary.adams352@example.com,Mary,Adams,true,aWh4%kbpdG%1gSw
alexander.smith353@example.com,Alexander,Smith,true,EM@dOhBtCnyvC5#
kathleen.diaz354@example.com,Kathleen,Diaz,true,1jGl0F3mAIP%q5F
stephen.powell355@example.com,Stephen,Powell,true,yizKwM24$8VvHlx
jacob.nguyen356@example.com,Jacob,Nguyen,true,VjdXM5#3x@22igD
benjamin.taylor357@example.com,Benjamin,Taylor,true,H!40Bjo@%dgL0ZR
margaret.mitchell358@example.com,Margaret,Mitchell,true,8cTu2GWlu@xiAf%
barbara.wilson359@example.com,Barbara,Wilson,true,wixLgOCFNFV44W%
jonathan.jones360@example.com,Jonathan,Jones,true,n@2!N%PlSRqd@ER
ronald.stewart361@example.com,Ronald,Stewart,true,fB7br2D@KmLpUqu
cynthia.campbell362@example.com,Cynthia,Campbell,true,$w@0sSmZWXCzLy9
charles.lee363@example.com,Charles,Lee,true,sWnc3q8XssIB%XB
barbara.howard364@example.com,Barbara,Howard,true,Fd5JNn#ZyOXn%I9
christine.walker365@example.com,Christine,Walker,true,M2CYj6xuj#xJ@Jd
jason.thomas366@example.com,Jason,Thomas,true,Ie9@lYs2DlhQ#Gx
linda.lee367@example.com,Linda,Lee,true,2nT@n030UkRQidW
gary.hernandez368@example.com,Gary,Hernandez,true,!#6Pmxw0tOeooa0
amy.hughes369@example.com,Amy,Hughes,true,x8C!7uZIHq@!O5B
dorothy.thompson370@example.com,Dorothy,Thompson,true,V2hBLBLLXpOeF!1
eric.james371@example.com,Eric,James,true,Ln@iF1#NK6!EuI9
alexander.edwards372@example.com,Alexander,Edwards,true,v1LYtsgF97IN%m!
kenneth.young373@example.com,Kenneth,Young,true,!w@Bb!NY4gaZAQ!
stephen.white374@example.com,Stephen,White,true,nCUchU9%jWAL7!$
brenda.moore375@example.com,Brenda,Moore,true,1P!PfgpYt2X%lzb
paul.hughes376@example.com,Paul,Hughes,true,zuCQU%IfEmwg5@7
alexander.baker377@example.com,Alexander,Baker,true,@o#cWNSes7@bzOr
lisa.morris378@example.com,Lisa,Morris,true,E9d%plD7n9r!Dre
joseph.anderson379@example.com,Joseph,Anderson,true,n5IIsU3qe2##BGU
shirley.thompson380@example.com,Shirley,Thompson,true,8fza%U#NRzZW5U7
brian.parker381@example.com,Brian,Parker,true,l13eR%JD3LwejPh
benjamin.thompson382@example.com,Benjamin,Thompson,true,6UL@i%uayNz1$LY
pamela.robinson383@example.com,Pamela,Robinson,true,i1Z%SnaEO56vBok
jessica.campbell384@example.com,Jessica,Campbell,true,7VOEC!XjA$PvKme
anna.ward385@example.com,Anna,Ward,true,zLphoYXi6RO#58N
scott.wood386@example.com,Scott,Wood,true,FWBmpGc!Y$S8e4G
helen.davis387@example.com,Helen,Davis,true,jn9OO$5w@9RvjKT
samantha.moore388@example.com,Samantha,Moore,true,C$1VmeSb8mIZhxc
mary.moore389@example.com,Mary,Moore,true,X1wA#Aee2i7x$MZ
justin.diaz390@example.com,Justin,Diaz,true,YM1Z29Twc3$%RMG
timothy.lewis391@example.com,Timothy,Lewis,true,!P!81oe$aFg0ijp
jacob.flores392@example.com,Jacob,Flores,true,huu$@CZxdssCjz0
christopher.gonzalez393@example.com,Christopher,Gonzalez,true,o#3lCP3g5Cusgof
betty.james394@example.com,Betty,James,true,5%MU12b$yoOYc7A
paul.mitchell395@example.com,Paul,Mitchell,true,FN$t!U%dnc79lM#
dorothy.brown396@example.com,Dorothy,Brown,true,EF9!y2xRmy96P3i
dorothy.jackson397@example.com,Dorothy,Jackson,true,V!rtXnWO#mMI7Vn
anthony.foster398@example.com,Anthony,Foster,true,#CwoFznItlb8KRz
mary.taylor399@example.com,Mary,Taylor,true,qZW4@8i#R!bXa1%
jeffrey.watson400@example.com,Jeffrey,Watson,true,0m$0%cHDjj5Aat4
larry.anderson401@example.com,Larry,Anderson,true,$AcA2Su76v7UbLO
patrick.ramirez402@example.com,Patrick,Ramirez,true,wP%A%9$LaIpK!y#
carolyn.campbell403@example.com,Carolyn,Campbell,true,lDusgu7MeaJGh%p
sandra.cruz404@example.com,Sandra,Cruz,true,Wbp5quUhEC@I!#V
sarah.powell405@example.com,Sarah,Powell,true,TxPBNP@AZyXk1pP
donald.ramirez406@example.com,Donald,Ramirez,true,C4GeuMhoCU$z1Zp
anthony.ross407@example.com,Anthony,Ross,true,xi@YSvCfKlZ$7%s
benjamin.watson408@example.com,Benjamin,Watson,true,QIicL!5R3g33bNd
emily.jackson409@example.com,Emily,Jackson,true,mWlgvP@c6c2#69l
shirley.cook410@example.com,Shirley,Cook,true,2LCodschXg6GKk!
pamela.reyes411@example.com,Pamela,Reyes,true,z0mx#ZghyTJ2rw3
sharon.taylor412@example.com,Sharon,Taylor,true,#HrI88%tL0AvtnI
barbara.campbell413@example.com,Barbara,Campbell,true,Ze7SLd!jIWsX6s#
samantha.campbell414@example.com,Samantha,Campbell,true,0G1!7zfUCRvf2KN
donna.reed415@example.com,Donna,Reed,true,6RqT3@rO@O!Yvl#
nicole.carter416@example.com,Nicole,Carter,true,#L5Tqy$J9X9%dpt
emma.hernandez417@example.com,Emma,Hernandez,true,l4#Sadg7x14suHG
lisa.lee418@example.com,Lisa,Lee,true,9CHGSDaVp%Mhb#I
john.lopez419@example.com,John,Lopez,true,!RvJ8$Hr3SpVvQU
john.hall420@example.com,John,Hall,true,8H4ug#@a1Gjf5R%
charles.stewart421@example.com,Charles,Stewart,true,k5f!W2thIsyeu8Q
emily.hall422@example.com,Emily,Hall,true,tAEOZRs$53X#6o8
helen.carter423@example.com,Helen,Carter,true,!gkBy0Jzr4ez0sW
timothy.nelson424@example.com,Timothy,Nelson,true,%70rno3qNMfJ#qN
elizabeth.williams425@example.com,Elizabeth,Williams,true,1HP#!zo1nREC$W0
nancy.allen426@example.com,Nancy,Allen,true,Xm2la$QYEC@d#xG
donna.long427@example.com,Donna,Long,true,f9V0QFe5ww03#xl
michelle.peterson428@example.com,Michelle,Peterson,true,dv2UkwMEx6a!57X
kathleen.ramirez429@example.com,Kathleen,Ramirez,true,!Hf13Q!3R#ZX6l0
nicholas.sanders430@example.com,Nicholas,Sanders,true,wDdLKSBXr7#jpjA
cynthia.richardson431@example.com,Cynthia,Richardson,true,6@spvowKP4!Ig@k
david.nelson432@example.com,David,Nelson,true,m##5XiWHJ%HBCyM
dorothy.edwards433@example.com,Dorothy,Edwards,true,7JJ7$4!uvtzB0DY
michelle.johnson434@example.com,Michelle,Johnson,true,3PJTzJGm!8004ZJ
laura.diaz435@example.com,Laura,Diaz,true,7wNjn3#MlpU6moS
james.sanchez436@example.com,James,Sanchez,true,U2hT!bszn5qQj86
nancy.foster437@example.com,Nancy,Foster,true,kUIfAKBmgEg#4G6
patricia.harris438@example.com,Patricia,Harris,true,eY53gEDsG$E$E2Y
jack.bennett439@example.com,Jack,Bennett,true,DXo#RNUw3KBYWXH
laura.sanders440@example.com,Laura,Sanders,true,Et#QEThHAwEbR00
jack.baker441@example.com,Jack,Baker,true,%p76F4JD4g!!5Mw
joshua.baker442@example.com,Joshua,Baker,true,tX1%3L3b1TVwELY
eric.martin443@example.com,Eric,Martin,true,gu$LJ!TiVP2WDz4
mary.peterson444@example.com,Mary,Peterson,true,R2c!Jbx5BCb7EB!
gary.howard445@example.com,Gary,Howard,true,f%ljVY0o@DptG29
kimberly.smith446@example.com,Kimberly,Smith,true,yzuKA7XHdRg#F8G
sharon.cox447@example.com,Sharon,Cox,true,a5rZ@%LhGn9U8G4
donald.brown448@example.com,Donald,Brown,true,oXNN1d$BXxf0SIY
barbara.jones449@example.com,Barbara,Jones,true,X9@f%X21W#F7sGD
brandon.gray450@example.com,Brandon,Gray,true,LHaf!kPSx26Js7D
brenda.gomez451@example.com,Brenda,Gomez,true,tiJ2$8s30zvLpeE
margaret.sanders452@example.com,Margaret,Sanders,true,j!YMU@7eOYEDNPw
laura.sullivan453@example.com,Laura,Sullivan,true,%XEKJxD8@p7FfJI
jason.price454@example.com,Jason,Price,true,Yf01rUE80JCZd3%
matthew.mitchell455@example.com,Matthew,Mitchell,true,mSB!BuO7Hmxu6Dk
jack.wright456@example.com,Jack,Wright,true,U4nRcH$J0fWfOT7
benjamin.torres457@example.com,Benjamin,Torres,true,lH$8Z8173!Qdj09
dorothy.lewis458@example.com,Dorothy,Lewis,true,NIUSvFqr@2#B!Pm
betty.nelson459@example.com,Betty,Nelson,true,WudGR%8NPsI%ZyM
laura.young460@example.com,Laura,Young,true,$KCsgDodsff5XB2
gary.wright461@example.com,Gary,Wright,true,WA7lyH@7SoH$J7l
william.bailey462@example.com,William,Bailey,true,k9iESYvA$k5trRQ
kenneth.lewis463@example.com,Kenneth,Lewis,true,XB$bSYJVFKq4Blb
andrew.thomas464@example.com,Andrew,Thomas,true,9MjxOAU#afrU18Z
patricia.hernandez465@example.com,Patricia,Hernandez,true,nEiPN$JAo$NPX6n
anthony.thomas466@example.com,Anthony,Thomas,true,NO1Q!nIXdnY%WOP
andrew.gray467@example.com,Andrew,Gray,true,h1KlMA!ZMkrTPlD
jennifer.williams468@example.com,Jennifer,Williams,true,M!Dam4@Hu!$1a1I
susan.anderson469@example.com,Susan,Anderson,true,jedv03CR$uUhYJ4
michelle.gomez470@example.com,Michelle,Gomez,true,PAP1Q!t#O%U#s@e
betty.turner471@example.com,Betty,Turner,true,3Q!6AD5#yqgq6Zk
helen.morgan472@example.com,Helen,Morgan,true,7yc17atMP9wPFB@
david.cook473@example.com,David,Cook,true,Hfn!G@2Nu!mRqiM
nancy.thomas474@example.com,Nancy,Thomas,true,6DWGYTVfH$@aStp
pamela.howard475@example.com,Pamela,Howard,true,GBZ4OK#8bqsZx0c
jason.lopez476@example.com,Jason,Lopez,true,tg!z4!#MHQgZ3sz
carol.turner477@example.com,Carol,Turner,true,e8f$KslOn0UmQf%
anna.nelson478@example.com,Anna,Nelson,true,u@@EG7i2uSqZn!G
stephanie.gonzalez479@example.com,Stephanie,Gonzalez,true,aNA7JPLWTT@J#tg
samuel.white480@example.com,Samuel,White,true,Eky$r4XhdtDw8F0
joshua.wood481@example.com,Joshua,Wood,true,BErUd6Pbbl$axpB
larry.edwards482@example.com,Larry,Edwards,true,y8n$c9iOHyYT4id
larry.walker483@example.com,Larry,Walker,true,5p#HQGg#0sd6#vE
catherine.cruz484@example.com,Catherine,Cruz,true,MBaLKEXEGsV0FP#
brenda.diaz485@example.com,Brenda,Diaz,true,Kp#CfMuZDKqk5OM
sharon.lee486@example.com,Sharon,Lee,true,O@sO3@DQeroBzTK
kathleen.watson487@example.com,Kathleen,Watson,true,NsRs#DKgwFf5712
nicole.cooper488@example.com,Nicole,Cooper,true,47t$5V14jNAInXk
deborah.nelson489@example.com,Deborah,Nelson,true,1!J9!sw%s3TWWld
ronald.bell490@example.com,Ronald,Bell,true,ckRI5JHzn!H#njC
scott.moore491@example.com,Scott,Moore,true,L0Gvj!RI5uJb#@Y
christopher.morris492@example.com,Christopher,Morris,true,or1zgW9%Q8um3DM
shirley.howard493@example.com,Shirley,Howard,true,!XiiLXtDvazO2kd
catherine.sullivan494@example.com,Catherine,Sullivan,true,R#V#P24!UxAeA%q
donald.gonzalez495@example.com,Donald,Gonzalez,true,!ATV8kJwyo%Tmbe
brenda.carter496@example.com,Brenda,Carter,true,xOhvGKKY9N09We$
william.nguyen497@example.com,William,Nguyen,true,9t0!I#fi3cZMu2K
katherine.allen498@example.com,Katherine,Allen,true,iaY#SA0ymP3cgk%
matthew.sanders499@example.com,Matthew,Sanders,true,h4MNyy2B!ob92mZ
jacob.russell500@example.com,Jacob,Russell,true,CeNkoDSX%MeaRJ7